red/act-ack-old-with-delay.run1.log	Failed!  - Failed:     1, Passed:     0, Skipped:     0, Total:     1, Duration: 599 ms	WireToGateG2Tests.MessagesBetweenTheActivationResultAndItsAckAreHandledAndTheSessionStaysUp;
red/act-ack-old-with-delay.run2.log	Failed!  - Failed:     1, Passed:     0, Skipped:     0, Total:     1, Duration: 530 ms	WireToGateG2Tests.MessagesBetweenTheActivationResultAndItsAckAreHandledAndTheSessionStaysUp;
red/act-ack-old-with-delay.run3.log	Failed!  - Failed:     1, Passed:     0, Skipped:     0, Total:     1, Duration: 468 ms	WireToGateG2Tests.MessagesBetweenTheActivationResultAndItsAckAreHandledAndTheSessionStaysUp;
red/delays-old.run1.log	Failed!  - Failed:     5, Passed:     7, Skipped:     0, Total:    12, Duration: 6 s	WaitingPointIdleReturnG2Tests.AnIdleReturnIsShownAsANonBusinessStopOnTheWayAndAtThePoint;StationDeadlineExpiredG2Tests.AfterAMidSessionSnapshotAckIsLostTheNextSafetyStateTakesAHigherVersion;WireToGateG2Tests.BusinessSafetySendFailureDisconnectsAndReplaysPendingRevision;RecoveryVectorG2Tests.AClosedSnapshotWhoseFallbackFailedIsReplayedUntilItForgetsTheRefusedVector;RecoveryVectorG2Tests.AClosedSnapshotWhoseFallbackFailedIsReplayedUntilItForgetsTheRefusedResume;
red/delays-old.run2.log	Failed!  - Failed:     5, Passed:     7, Skipped:     0, Total:    12, Duration: 7 s	WaitingPointIdleReturnG2Tests.AnIdleReturnIsShownAsANonBusinessStopOnTheWayAndAtThePoint;StationDeadlineExpiredG2Tests.AfterAMidSessionSnapshotAckIsLostTheNextSafetyStateTakesAHigherVersion;WireToGateG2Tests.BusinessSafetySendFailureDisconnectsAndReplaysPendingRevision;RecoveryVectorG2Tests.AClosedSnapshotWhoseFallbackFailedIsReplayedUntilItForgetsTheRefusedVector;RecoveryVectorG2Tests.AClosedSnapshotWhoseFallbackFailedIsReplayedUntilItForgetsTheRefusedResume;
red/delays-old.run3.log	Failed!  - Failed:     5, Passed:     7, Skipped:     0, Total:    12, Duration: 7 s	WaitingPointIdleReturnG2Tests.AnIdleReturnIsShownAsANonBusinessStopOnTheWayAndAtThePoint;StationDeadlineExpiredG2Tests.AfterAMidSessionSnapshotAckIsLostTheNextSafetyStateTakesAHigherVersion;WireToGateG2Tests.BusinessSafetySendFailureDisconnectsAndReplaysPendingRevision;RecoveryVectorG2Tests.AClosedSnapshotWhoseFallbackFailedIsReplayedUntilItForgetsTheRefusedVector;RecoveryVectorG2Tests.AClosedSnapshotWhoseFallbackFailedIsReplayedUntilItForgetsTheRefusedResume;
red/stale-refusal-without-entry-wait.run1.log	Passed!  - Failed:     0, Passed:     1, Skipped:     0, Total:     1, Duration: 1 s	
red/stale-refusal-without-entry-wait.run2.log	Failed!  - Failed:     1, Passed:     0, Skipped:     0, Total:     1, Duration: 1 s	MultiDemandJourneyG2Tests.AStaleWorklistRefusalWithdrawsTheRequestEvenBeforeTheClosureSnapshot;
red/stale-refusal-without-entry-wait.run3.log	Passed!  - Failed:     0, Passed:     1, Skipped:     0, Total:     1, Duration: 1 s	
red/sublot-rejection-gap-old-whole-classes.run1.log	Failed!  - Failed:     3, Passed:    96, Skipped:     0, Total:    99, Duration: 1 m 19 s	MultiDemandJourneyG2Tests.ARefusalAtANewerRevisionWhileTheWorklistIsAnotherStationDoesNotKeepTheRequest;MultiDemandJourneyG2Tests.AServerRefusalAfterASameStopRevisionAdvanceKeepsTheEntryOpenForARescan;MultiDemandJourneyG2Tests.AStaleWorklistRefusalWithdrawsTheRequestEvenBeforeTheClosureSnapshot;
red/sublot-rejection-gap-old.run1.log	Failed!  - Failed:     3, Passed:     0, Skipped:     0, Total:     3, Duration: 827 ms	MultiDemandJourneyG2Tests.ARefusalAtANewerRevisionWhileTheWorklistIsAnotherStationDoesNotKeepTheRequest;MultiDemandJourneyG2Tests.AServerRefusalAfterASameStopRevisionAdvanceKeepsTheEntryOpenForARescan;MultiDemandJourneyG2Tests.AStaleWorklistRefusalWithdrawsTheRequestEvenBeforeTheClosureSnapshot;
red/sublot-rejection-gap-old.run2.log	Failed!  - Failed:     3, Passed:     0, Skipped:     0, Total:     3, Duration: 910 ms	MultiDemandJourneyG2Tests.ARefusalAtANewerRevisionWhileTheWorklistIsAnotherStationDoesNotKeepTheRequest;MultiDemandJourneyG2Tests.AServerRefusalAfterASameStopRevisionAdvanceKeepsTheEntryOpenForARescan;MultiDemandJourneyG2Tests.AStaleWorklistRefusalWithdrawsTheRequestEvenBeforeTheClosureSnapshot;
red/sublot-rejection-gap-old.run3.log	Failed!  - Failed:     3, Passed:     0, Skipped:     0, Total:     3, Duration: 766 ms	MultiDemandJourneyG2Tests.ARefusalAtANewerRevisionWhileTheWorklistIsAnotherStationDoesNotKeepTheRequest;MultiDemandJourneyG2Tests.AServerRefusalAfterASameStopRevisionAdvanceKeepsTheEntryOpenForARescan;MultiDemandJourneyG2Tests.AStaleWorklistRefusalWithdrawsTheRequestEvenBeforeTheClosureSnapshot;
green/act-ack-new-with-delay.run1.log	Passed!  - Failed:     0, Passed:     1, Skipped:     0, Total:     1, Duration: 1 s	
green/act-ack-new-with-delay.run2.log	Passed!  - Failed:     0, Passed:     1, Skipped:     0, Total:     1, Duration: 1 s	
green/act-ack-new-with-delay.run3.log	Passed!  - Failed:     0, Passed:     1, Skipped:     0, Total:     1, Duration: 1 s	
green/delays-new.run1.log	Passed!  - Failed:     0, Passed:    15, Skipped:     0, Total:    15, Duration: 10 s	
green/delays-new.run2.log	Passed!  - Failed:     0, Passed:    15, Skipped:     0, Total:    15, Duration: 9 s	
green/delays-new.run3.log	Passed!  - Failed:     0, Passed:    15, Skipped:     0, Total:    15, Duration: 9 s	
green/sublot-rejection-gap-new.run1.log	Passed!  - Failed:     0, Passed:     3, Skipped:     0, Total:     3, Duration: 3 s	
green/sublot-rejection-gap-new.run2.log	Passed!  - Failed:     0, Passed:     3, Skipped:     0, Total:     3, Duration: 3 s	
green/sublot-rejection-gap-new.run3.log	Passed!  - Failed:     0, Passed:     3, Skipped:     0, Total:     3, Duration: 3 s	
regression/g1.run1.log	Failed!  - Failed:     5, Passed:     0, Skipped:     0, Total:     5, Duration: 15 s	MultiDemandJourneyG2Tests.ARefusalAtANewerRevisionWhileTheWorklistIsAnotherStationDoesNotKeepTheRequest;WaitingPointIdleReturnG2Tests.AnIdleReturnIsShownAsANonBusinessStopOnTheWayAndAtThePoint;StationDeadlineExpiredG2Tests.AfterAMidSessionSnapshotAckIsLostTheNextSafetyStateTakesAHigherVersion;MultiDemandJourneyG2Tests.AServerRefusalAfterASameStopRevisionAdvanceKeepsTheEntryOpenForARescan;MultiDemandJourneyG2Tests.AStaleWorklistRefusalWithdrawsTheRequestEvenBeforeTheClosureSnapshot;
regression/g2-old-tests.run1.log	Failed!  - Failed:     2, Passed:     0, Skipped:     0, Total:     2, Duration: 1 s	MultiDemandJourneyG2Tests.AnEntryRefusedLocallyIsAMessageToTheOperatorAndNotALatchedVehicle;MultiDemandJourneyG2Tests.ALoadRefusedOverAnOccupiedSlotOffersCompensationForThatDemandNotTheLastCompletedOne;
regression/g2-old-tests.run2.log	Failed!  - Failed:     2, Passed:     0, Skipped:     0, Total:     2, Duration: 1 s	MultiDemandJourneyG2Tests.AnEntryRefusedLocallyIsAMessageToTheOperatorAndNotALatchedVehicle;MultiDemandJourneyG2Tests.ALoadRefusedOverAnOccupiedSlotOffersCompensationForThatDemandNotTheLastCompletedOne;
regression/g2-old-tests.run3.log	Failed!  - Failed:     2, Passed:     0, Skipped:     0, Total:     2, Duration: 1 s	MultiDemandJourneyG2Tests.AnEntryRefusedLocallyIsAMessageToTheOperatorAndNotALatchedVehicle;MultiDemandJourneyG2Tests.ALoadRefusedOverAnOccupiedSlotOffersCompensationForThatDemandNotTheLastCompletedOne;
regression/g2.run1.log	Failed!  - Failed:     3, Passed:     0, Skipped:     0, Total:     3, Duration: 2 s	MultiDemandJourneyG2Tests.AnEntryRefusedLocallyIsAMessageToTheOperatorAndNotALatchedVehicle;MultiDemandJourneyG2Tests.ALoadRefusedOverAnOccupiedSlotOffersCompensationForThatDemandNotTheLastCompletedOne;WireToGateG2Tests.MessagesBetweenTheActivationResultAndItsAckAreHandledAndTheSessionStaysUp;
regression/g3.run1.log	Failed!  - Failed:     3, Passed:     0, Skipped:     0, Total:     3, Duration: 11 s	MultiDemandJourneyG2Tests.AStaleWorklistRefusalWithdrawsTheRequestEvenBeforeTheClosureSnapshot;RecoveryVectorG2Tests.AClosedSnapshotWhoseFallbackFailedIsReplayedUntilItForgetsTheRefusedVector;RecoveryVectorG2Tests.AClosedSnapshotWhoseFallbackFailedIsReplayedUntilItForgetsTheRefusedResume;
probe/event-and-state-gap.run1.log	Failed!  - Failed:     8, Passed:   500, Skipped:     0, Total:   508, Duration: 2 m 45 s	RecoveryVectorG2Tests.AResumeWhosePersistedStateDoesNotMatchIsRejectedBeforeAnyDoorIo;RecoveryVectorG2Tests.AnotherSessionsClosedSnapshotLeavesAnOpenResumeAloneAndIsAcknowledged;RecoveryVectorG2Tests.ForcedMechanicalRecoverySendsNoUnlockAndReportsOnlyAfterTheOperatorConfirms;RecoveryVectorG2Tests.ALatchedVehicleRejectsAResumeBeforeAnyDoorIo;RecoveryVectorG2Tests.PreparingAVectorNeverDropsAPendingResultRecordedBeforeIt;RecoveryVectorG2Tests.AnotherSessionsClosedSnapshotLeavesAPreparedVectorAloneAndIsAcknowledged;RecoveryVectorG2Tests.AResumeThatFailsAfterItsFirstPulseIsSettledNotRejected;RecoveryVectorG2Tests.AResumeTheExecutorRefusesBeforeItsFirstPulseIsRejected;
probe/journey-gap.run1.log	Passed!  - Failed:     0, Passed:   508, Skipped:     0, Total:   508, Duration: 2 m 24 s	
probe/rv-event-gap-only.run1.log	Failed!  - Failed:     8, Passed:    85, Skipped:     0, Total:    93, Duration: 1 m 19 s	RecoveryVectorG2Tests.AResumeWhosePersistedStateDoesNotMatchIsRejectedBeforeAnyDoorIo;RecoveryVectorG2Tests.AnotherSessionsClosedSnapshotLeavesAnOpenResumeAloneAndIsAcknowledged;RecoveryVectorG2Tests.ForcedMechanicalRecoverySendsNoUnlockAndReportsOnlyAfterTheOperatorConfirms;RecoveryVectorG2Tests.ALatchedVehicleRejectsAResumeBeforeAnyDoorIo;RecoveryVectorG2Tests.PreparingAVectorNeverDropsAPendingResultRecordedBeforeIt;RecoveryVectorG2Tests.AnotherSessionsClosedSnapshotLeavesAPreparedVectorAloneAndIsAcknowledged;RecoveryVectorG2Tests.AResumeThatFailsAfterItsFirstPulseIsSettledNotRejected;RecoveryVectorG2Tests.AResumeTheExecutorRefusesBeforeItsFirstPulseIsRejected;
probe/rv-state-gap-only.run1.log	Passed!  - Failed:     0, Passed:    93, Skipped:     0, Total:    93, Duration: 1 m 45 s	
repro/four-classes.run1.log	Passed!  - Failed:     0, Passed:   257, Skipped:     0, Total:   257, Duration: 1 m 16 s	
repro/four-classes.run2.log	Passed!  - Failed:     0, Passed:   257, Skipped:     0, Total:   257, Duration: 1 m 15 s	
repro/four-classes.run3.log	Failed!  - Failed:     1, Passed:   256, Skipped:     0, Total:   257, Duration: 1 m 22 s	MultiDemandJourneyG2Tests.ASecondSlotCommandQueuesBehindTheFirstAndItsOverdueClockStartsAtItsOwnUnlock;
repro/four-classes.run4.log	Passed!  - Failed:     0, Passed:   257, Skipped:     0, Total:   257, Duration: 1 m 17 s	
repro/four-classes.run5.log	Passed!  - Failed:     0, Passed:   257, Skipped:     0, Total:   257, Duration: 1 m 17 s	
repro/four-classes.run6.log	Passed!  - Failed:     0, Passed:   257, Skipped:     0, Total:   257, Duration: 1 m 18 s	
