M01-resubmission-gets-a-new-id	RED AS EXPECTED	重提时不沿用未应答的请求，每按一次生成新的 confirmationRequestId
	SQCD.Agv.WireToGateG2Tests.ManualStationClearanceG2Tests.AnUnansweredClearanceIsShownAsUnknownAndAResubmissionCarriesTheSameConfirmationRequestId
	SQCD.Agv.WireToGateG2Tests.ManualStationClearanceG2Tests.ADroppedSessionLeavesAnUnknownThatIsResubmittedUnderTheSameIdAfterReconnecting
M02-press-not-bound-to-the-prompt	RED AS EXPECTED	不核对操作员当时看到的那一份，只要入口在就发
	SQCD.Agv.WireToGateG2Tests.ManualStationClearanceG2Tests.APressMadeAsAResubmissionIsRefusedOnceTheResultHasArrived
	SQCD.Agv.WireToGateG2Tests.ManualStationClearanceG2Tests.APressMadeForOneChargerDoesNotConfirmAnother
M03-no-gate-on-a-second-press	NOT RED AS EXPECTED	第一次应答之前不挡第二次按下
M04-released-locally-on-confirmed	RED AS EXPECTED	CONFIRMED 且 stationReleased=true 之后本地就把入口收起（当作清桩已结束）
	SQCD.Agv.WireToGateG2Tests.ManualStationClearanceG2Tests.AResultThatArrivesAfterTheTimeoutSettlesTheUnknownOnce
	SQCD.Agv.WireToGateG2Tests.ManualStationClearanceG2Tests.AConfirmedClearanceChangesNothingOnTheVehicleUntilTheServersNextSnapshot
	SQCD.Agv.WireToGateG2Tests.ManualStationClearanceG2Tests.AnUnansweredClearanceIsShownAsUnknownAndAResubmissionCarriesTheSameConfirmationRequestId
	SQCD.Agv.WireToGateG2Tests.ManualStationClearanceG2Tests.ADroppedSessionLeavesAnUnknownThatIsResubmittedUnderTheSameIdAfterReconnecting
M05-public-station-function-not-null	RED AS EXPECTED	publicStationFunction 发 GATE 而不是 null
	SQCD.Agv.WireToGateG2Tests.ManualStationClearanceG2Tests.TheConfirmationCarriesTheOperatorTheChargerAndTheConditionAndIsShownConfirmed
M06-repeated-result-raised-again	RED AS EXPECTED	重复到达的同一应答不认作重复，再投递一次
	SQCD.Agv.WireToGateG2Tests.ManualStationClearanceG2Tests.ARepeatedResultIsHandledOnce
M07-latch-shuts-the-entry	RED AS EXPECTED	严重安全故障锁存期间把清桩入口也关掉
	SQCD.Agv.WireToGateG2Tests.ManualStationClearanceG2Tests.ALatchLeavesTheClearanceEntryOpenAndOpensNoDoor
M08-purpose-not-checked	RED AS EXPECTED	不看 activePurpose，只要有业务状态就给入口
	SQCD.Agv.WireToGateG2Tests.ManualStationClearanceG2Tests.AConfirmedClearanceChangesNothingOnTheVehicleUntilTheServersNextSnapshot
	SQCD.Agv.WireToGateG2Tests.ManualStationClearanceG2Tests.TheEntryIsNotOfferedUnlessTheServerSaysTheVehicleIsClearing(purpose: "TRANSPORT")
	SQCD.Agv.WireToGateG2Tests.ManualStationClearanceG2Tests.TheEntryIsNotOfferedUnlessTheServerSaysTheVehicleIsClearing(purpose: "IDLE_RETURN")
	SQCD.Agv.WireToGateG2Tests.ManualStationClearanceG2Tests.TheEntryIsNotOfferedUnlessTheServerSaysTheVehicleIsClearing(purpose: "CHARGING")
	SQCD.Agv.WireToGateG2Tests.ManualStationClearanceG2Tests.ALaterClearanceOfTheSameChargerStartsFromNothing
M09a-proof-not-required	RED AS EXPECTED	不要求管理员认证凭据
	SQCD.Agv.WireToGateG2Tests.ManualStationClearanceG2Tests.TheEntryIsNotOfferedWithoutAVerifiedMaintainer(maintenanceSwitch: True, proofVariable: "W2G_G2_STATION_CLEARANCE_PROOF_UNSET")
M09b-maintenance-switch-not-required	RED AS EXPECTED	不看维护开关与凭据，只要有操作员号和在线会话
	SQCD.Agv.WireToGateG2Tests.ManualStationClearanceG2Tests.TheEntryIsNotOfferedWithoutAVerifiedMaintainer(maintenanceSwitch: False, proofVariable: "W2G_G2_STATION_CLEARANCE_PROOF")
	SQCD.Agv.WireToGateG2Tests.ManualStationClearanceG2Tests.TheEntryIsNotOfferedWithoutAVerifiedMaintainer(maintenanceSwitch: True, proofVariable: "W2G_G2_STATION_CLEARANCE_PROOF_UNSET")
M10-station-guessed-from-the-current-leg	RED AS EXPECTED	计划里没有恰好一个充电桩时拿当前腿的站点号顶上
	SQCD.Agv.UnitTests.WireToGateStationClearanceTests.WithoutExactlyOneChargerInThePlanNoStationIsNamed
	SQCD.Agv.WireToGateG2Tests.ManualStationClearanceG2Tests.TheEntryIsNotOfferedWithoutOneChargerInThePlanAndTheScreenSaysWhy(twoChargers: True)
	SQCD.Agv.WireToGateG2Tests.ManualStationClearanceG2Tests.TheEntryIsNotOfferedWithoutOneChargerInThePlanAndTheScreenSaysWhy(twoChargers: False)
M11a-unanswered-kept-across-clearances	RED AS EXPECTED	服务端说清桩结束后不清掉未应答的请求
	SQCD.Agv.WireToGateG2Tests.ManualStationClearanceG2Tests.ALaterClearanceOfTheSameChargerStartsFromNothing
M11b-result-line-not-hidden-when-over	RED AS EXPECTED	读视图时不按当前旅程隐藏结果，只靠事件处理清字段
	SQCD.Agv.WireToGateG2Tests.ManualStationClearanceG2Tests.AConfirmedClearanceChangesNothingOnTheVehicleUntilTheServersNextSnapshot
	SQCD.Agv.WireToGateG2Tests.ManualStationClearanceG2Tests.ALaterClearanceOfTheSameChargerStartsFromNothing
M12-late-result-dropped	RED AS EXPECTED	没有等待者的应答一律丢掉，不交给业务服务
	SQCD.Agv.WireToGateG2Tests.ManualStationClearanceG2Tests.APressMadeAsAResubmissionIsRefusedOnceTheResultHasArrived
	SQCD.Agv.WireToGateG2Tests.ManualStationClearanceG2Tests.AResultThatArrivesAfterTheTimeoutSettlesTheUnknownOnce
M13a-first-message-id-not-the-request-id	RED AS EXPECTED	第一次发送的 messageId 不用 confirmationRequestId
	SQCD.Agv.WireToGateG2Tests.ManualStationClearanceG2Tests.TheConfirmationCarriesTheOperatorTheChargerAndTheConditionAndIsShownConfirmed
	SQCD.Agv.WireToGateG2Tests.ManualStationClearanceG2Tests.ALaterClearanceOfTheSameChargerStartsFromNothing
M13b-resubmission-reuses-the-message-id	RED AS EXPECTED	重提沿用第一次的 messageId（服务端入站去重会判内容冲突）
	SQCD.Agv.WireToGateG2Tests.ManualStationClearanceG2Tests.AnUnansweredClearanceIsShownAsUnknownAndAResubmissionCarriesTheSameConfirmationRequestId
M14-unknown-reported-as-success	RED AS EXPECTED	超时或断线后按下返回 true（unknown-as-success）
	SQCD.Agv.WireToGateG2Tests.ManualStationClearanceG2Tests.ARestartOffersTheEntryFromTheRestoredStateAndAsksTheOperatorAfresh
	SQCD.Agv.WireToGateG2Tests.ManualStationClearanceG2Tests.APressMadeAsAResubmissionIsRefusedOnceTheResultHasArrived
	SQCD.Agv.WireToGateG2Tests.ManualStationClearanceG2Tests.AResultThatArrivesAfterTheTimeoutSettlesTheUnknownOnce
	SQCD.Agv.WireToGateG2Tests.ManualStationClearanceG2Tests.AnUnansweredClearanceIsShownAsUnknownAndAResubmissionCarriesTheSameConfirmationRequestId
	SQCD.Agv.WireToGateG2Tests.ManualStationClearanceG2Tests.ADroppedSessionLeavesAnUnknownThatIsResubmittedUnderTheSameIdAfterReconnecting
	SQCD.Agv.WireToGateG2Tests.ManualStationClearanceG2Tests.ALaterClearanceOfTheSameChargerStartsFromNothing
M15-cleared-condition-not-validated	RED AS EXPECTED	发送前不校验 clearedCondition
	SQCD.Agv.WireToGateG2Tests.ManualStationClearanceG2Tests.APayloadTheSchemaDoesNotAllowIsRefusedBeforeItIsSent(broken: "clearedCondition")
M16-conflicting-answer-accepted	RED AS EXPECTED	同一确认号下不同的应答不判冲突
	SQCD.Agv.WireToGateG2Tests.ManualStationClearanceG2Tests.ADifferentAnswerUnderAnAnsweredIdFailsTheSessionAndDoesNotRewriteTheResult
M17-view-not-wired	RED AS EXPECTED	接线把视图委托接到一个恒为「不在清桩」的值上
	SQCD.Agv.WireToGateG2Tests.ManualStationClearanceG2Tests.APayloadTheSchemaDoesNotAllowIsRefusedBeforeItIsSent(broken: "stationId")
	SQCD.Agv.WireToGateG2Tests.ManualStationClearanceG2Tests.APayloadTheSchemaDoesNotAllowIsRefusedBeforeItIsSent(broken: "observedAt")
	SQCD.Agv.WireToGateG2Tests.ManualStationClearanceG2Tests.APayloadTheSchemaDoesNotAllowIsRefusedBeforeItIsSent(broken: "verificationMethod")
	SQCD.Agv.WireToGateG2Tests.ManualStationClearanceG2Tests.APayloadTheSchemaDoesNotAllowIsRefusedBeforeItIsSent(broken: "operatorId")
	SQCD.Agv.WireToGateG2Tests.ManualStationClearanceG2Tests.APayloadTheSchemaDoesNotAllowIsRefusedBeforeItIsSent(broken: "publicStationFunction")
	SQCD.Agv.WireToGateG2Tests.ManualStationClearanceG2Tests.APayloadTheSchemaDoesNotAllowIsRefusedBeforeItIsSent(broken: "clearedCondition")
	SQCD.Agv.WireToGateG2Tests.ManualStationClearanceG2Tests.ARestartOffersTheEntryFromTheRestoredStateAndAsksTheOperatorAfresh
	SQCD.Agv.WireToGateG2Tests.ManualStationClearanceG2Tests.APressMadeAsAResubmissionIsRefusedOnceTheResultHasArrived
	SQCD.Agv.WireToGateG2Tests.ManualStationClearanceG2Tests.AResultThatArrivesAfterTheTimeoutSettlesTheUnknownOnce
	SQCD.Agv.WireToGateG2Tests.ManualStationClearanceG2Tests.ADifferentAnswerUnderAnAnsweredIdFailsTheSessionAndDoesNotRewriteTheResult
	SQCD.Agv.WireToGateG2Tests.ManualStationClearanceG2Tests.ARepeatedResultIsHandledOnce
	SQCD.Agv.WireToGateG2Tests.ManualStationClearanceG2Tests.AConfirmedClearanceChangesNothingOnTheVehicleUntilTheServersNextSnapshot
	SQCD.Agv.WireToGateG2Tests.ManualStationClearanceG2Tests.AnUnansweredClearanceIsShownAsUnknownAndAResubmissionCarriesTheSameConfirmationRequestId
	SQCD.Agv.WireToGateG2Tests.ManualStationClearanceG2Tests.ASecondPressWhileTheFirstIsUnansweredSendsNothing
	SQCD.Agv.WireToGateG2Tests.ManualStationClearanceG2Tests.TheEntryIsNotOfferedWithoutOneChargerInThePlanAndTheScreenSaysWhy(twoChargers: True)
	SQCD.Agv.WireToGateG2Tests.ManualStationClearanceG2Tests.TheEntryIsNotOfferedWithoutOneChargerInThePlanAndTheScreenSaysWhy(twoChargers: False)
	SQCD.Agv.WireToGateG2Tests.ManualStationClearanceG2Tests.ADroppedSessionLeavesAnUnknownThatIsResubmittedUnderTheSameIdAfterReconnecting
	SQCD.Agv.WireToGateG2Tests.ManualStationClearanceG2Tests.TheConfirmationCarriesTheOperatorTheChargerAndTheConditionAndIsShownConfirmed
	SQCD.Agv.WireToGateG2Tests.ManualStationClearanceG2Tests.ALatchLeavesTheClearanceEntryOpenAndOpensNoDoor
	SQCD.Agv.WireToGateG2Tests.ManualStationClearanceG2Tests.APressMadeForOneChargerDoesNotConfirmAnother
	SQCD.Agv.WireToGateG2Tests.ManualStationClearanceG2Tests.ALaterClearanceOfTheSameChargerStartsFromNothing
	SQCD.Agv.WireToGateG2Tests.ManualStationClearanceG2Tests.ARejectedClearanceShowsTheServersReasonAndTheNextPressIsANewConfirmation
M18-click-handler-reads-the-entry-again	RED AS EXPECTED	点击处理在对话框之后重新读一次入口再交回去
	SQCD.Agv.UnitTests.WireToGateStationClearanceTests.TheClickHandlerConfirmsThePromptItBuiltTheDialogFrom
M19-result-status-unknown-hidden	RED AS EXPECTED	结果未知时不显示结果那一行
	SQCD.Agv.WireToGateG2Tests.ManualStationClearanceG2Tests.ARestartOffersTheEntryFromTheRestoredStateAndAsksTheOperatorAfresh
	SQCD.Agv.WireToGateG2Tests.ManualStationClearanceG2Tests.APressMadeAsAResubmissionIsRefusedOnceTheResultHasArrived
	SQCD.Agv.WireToGateG2Tests.ManualStationClearanceG2Tests.AResultThatArrivesAfterTheTimeoutSettlesTheUnknownOnce
	SQCD.Agv.WireToGateG2Tests.ManualStationClearanceG2Tests.AnUnansweredClearanceIsShownAsUnknownAndAResubmissionCarriesTheSameConfirmationRequestId
	SQCD.Agv.WireToGateG2Tests.ManualStationClearanceG2Tests.ADroppedSessionLeavesAnUnknownThatIsResubmittedUnderTheSameIdAfterReconnecting
	SQCD.Agv.WireToGateG2Tests.ManualStationClearanceG2Tests.ALaterClearanceOfTheSameChargerStartsFromNothing
M03-no-gate-on-a-second-press	RED AS EXPECTED	第一次应答之前不挡第二次按下
	SQCD.Agv.WireToGateG2Tests.ManualStationClearanceG2Tests.ASecondPressWhileTheFirstIsUnansweredSendsNothing
